ip,port
,
163.204.245.203,9999
163.204.241.78,9999
163.204.242.192,9999
58.253.156.80,9999
182.35.83.222,9999
59.45.13.220,35504
120.83.104.92,9999
58.253.156.179,9999
113.121.21.201,9999
60.13.42.26,9999
175.42.128.227,9999
60.13.42.226,9999
182.34.20.89,9999
112.87.68.151,9999
163.204.242.214,9999
42.238.90.30,9999
27.43.189.4,9999
60.13.42.104,9999
123.163.96.90,9999
163.204.241.251,9999
122.193.246.40,9999
,
112.85.128.30,9999
120.83.108.203,9999
163.204.242.122,9999
163.204.243.124,9999
60.13.42.198,9999
114.239.250.209,9999
114.239.110.110,9999
163.204.242.49,9999
60.13.42.125,9999
163.204.245.191,9999
120.83.122.155,9999
60.13.42.32,9999
183.166.7.47,9999
163.204.242.146,9999
49.89.103.72,9999
163.204.244.74,9999
163.204.241.92,9999
120.83.106.17,9999
42.238.88.24,9999
,
112.87.70.205,9999
60.13.42.252,9999
112.87.69.44,9999
112.80.158.105,8118
123.169.35.162,9999
112.85.130.199,9999
117.95.195.98,9999
60.13.42.28,9999
120.83.96.173,9999
122.4.29.17,61234
117.80.189.103,808
113.65.5.14,8118
182.34.37.84,9999
163.204.247.18,9999
123.169.35.51,9999
163.204.244.18,9999
182.34.32.253,9999
111.226.211.21,8118
120.83.103.126,808
175.43.56.61,9999
120.83.104.222,6675
60.169.240.11,808
163.204.243.112,9999
123.52.140.250,9999
120.83.108.97,9999
163.204.242.67,9999
163.204.245.128,9999
60.13.42.83,9999
60.172.85.193,808
60.172.75.18,808
112.85.129.187,8090
49.70.32.138,808
163.204.244.48,9999
120.83.108.104,9999
114.239.2.224,808
182.35.81.158,9999
182.35.82.173,9999
112.85.130.69,9999
163.204.245.168,9999
163.204.240.146,9999
49.89.103.149,9999
122.193.246.136,9999
120.83.110.208,9999
163.204.246.96,9999
120.83.120.174,9999
27.43.190.15,9999
163.204.246.231,9999
163.204.245.29,9999
163.204.241.90,9999
180.117.133.103,8118
112.85.129.100,9999
27.43.191.40,9999
60.13.42.190,9999
115.202.156.187,39589
117.87.116.84,8123
163.204.246.26,9999
163.204.245.19,9999
112.85.174.209,9999
163.204.241.144,9999
27.43.185.96,9999
112.87.68.55,9999
117.95.232.218,9999
171.35.167.191,9999
113.121.20.215,9999
171.11.32.252,9999
113.124.87.90,9999
182.34.33.15,9999
163.204.246.75,9999
163.204.245.140,9999
163.204.243.169,9999
163.204.246.215,9999
183.166.230.210,9999
123.163.96.232,9999
60.13.42.176,9999
122.193.247.156,9999
112.85.128.170,9999
112.87.71.138,9999
27.43.185.70,9999
180.116.216.159,8118
60.13.42.61,9999
163.204.243.233,9999
163.204.245.17,9999
115.53.33.95,9999
112.85.129.106,9999
60.13.42.20,9999
113.124.87.230,9999
112.87.69.148,9999
122.193.244.94,9999
120.83.99.199,9999
113.121.23.170,9999
120.83.109.170,9999
182.34.34.67,9999
182.34.35.145,9999
163.204.246.57,9999
123.163.96.178,9999
60.13.42.76,9999
163.204.245.234,9999
183.166.6.153,9999
119.49.240.248,8080
163.204.246.7,61234
36.62.243.242,44067
163.204.242.61,9999
171.12.112.222,9999
163.204.241.89,9999
112.85.148.41,9999
58.209.226.67,8118
115.53.87.235,8118
163.204.245.95,9999
60.13.42.204,9999
120.83.106.232,9999
122.193.244.219,9999
112.87.68.251,9999
122.190.88.219,61234
163.204.242.203,9999
163.204.244.215,9999
163.204.242.240,9999
60.13.42.153,9999
112.85.164.117,9999
58.253.156.181,9999
114.239.199.187,9999
124.112.207.71,808
124.112.162.147,808
115.223.92.230,8010
163.204.243.3,9999
27.43.187.202,9999
58.34.118.95,8118
106.110.200.74,9999
112.87.69.110,9999
58.253.159.71,9999
1.197.10.37,9999
123.163.96.162,9999
113.121.21.118,808
61.157.136.105,808
1.197.16.112,9999
120.83.107.115,9999
114.239.198.82,9999
163.204.241.150,9999
113.124.86.167,9999
112.87.68.188,9999
163.204.245.207,9999
114.239.144.113,808
112.85.164.250,9999
119.41.199.22,8118
114.104.140.201,808
58.20.79.188,8118
1.198.73.44,9999
120.83.99.200,9999
112.85.131.147,9999
163.204.242.97,9999
175.16.20.48,80
123.138.107.173,8118
163.204.242.190,9999
112.85.175.120,9999
60.169.114.242,808
163.204.240.74,9999
171.12.43.207,9999
115.225.74.73,8118
112.85.151.189,9999
60.13.42.207,9999
113.121.23.219,9999
163.204.242.74,9999
58.253.158.162,9999
1.197.16.231,9999
120.83.108.85,9999
123.169.34.216,9999
60.13.42.229,9999
60.167.22.106,61234
183.17.144.219,53281
112.85.128.143,9999
163.204.241.67,9999
163.204.244.98,9999
114.239.42.181,9999
123.163.97.189,9999
125.90.255.151,8118
163.204.243.167,9999
61.135.155.82,443
163.204.241.97,9999
114.92.209.149,8118
120.79.147.254,9000
113.124.93.254,9999
182.34.36.210,9999
58.253.155.37,9999
120.83.109.88,9999
163.204.244.108,9999
182.34.17.126,61234
112.85.171.174,9999
112.87.69.248,9999
120.83.105.70,9999
120.83.107.53,9999
163.204.246.121,9999
122.230.226.118,8118
112.87.65.234,9999
163.204.241.162,9999
112.85.165.53,9999
171.15.66.116,9999
112.85.170.109,9999
163.204.240.55,9999
113.124.93.32,9999
115.219.107.172,8010
163.204.244.162,9999
60.13.42.182,9999
112.84.54.57,9999
112.85.167.38,9999
171.15.67.46,9999
120.83.100.110,9999
163.204.243.75,9999
60.13.42.211,9999
119.134.110.92,8118
112.85.174.44,9999
112.85.173.38,9999
60.13.42.232,9999
1.197.16.177,9999
113.57.34.214,18118
60.13.42.52,9999
163.204.245.215,9999
112.85.148.204,9999
115.218.134.217,8118
223.241.78.55,18118
125.110.68.236,8118
163.204.240.156,9999
60.13.42.140,9999
183.166.125.132,9999
59.42.42.96,8118
120.83.102.147,9999
163.204.241.184,9999
60.13.42.214,9999
60.13.42.100,9999
113.121.21.236,9999
112.85.169.154,9999
163.204.244.68,9999
112.87.68.95,9999
163.204.240.244,9999
163.204.241.174,9999
163.204.240.225,9999
123.163.122.12,9999
182.35.86.159,9999
113.117.108.226,61234
163.204.243.171,9999
163.204.240.174,9999
60.13.42.40,9999
113.121.20.246,9999
222.89.32.155,9999
27.43.189.172,9999
114.103.169.26,808
175.8.108.234,8118
1.197.16.216,9999
112.85.130.55,9999
163.204.244.109,9999
163.204.244.145,9999
222.94.146.241,808
112.87.69.168,9999
49.70.33.160,808
180.107.24.148,8118
163.204.242.223,9999
1.197.16.29,9999
163.204.245.249,9999
124.112.236.42,808
163.204.243.107,9999
58.253.158.240,9999
60.13.42.66,9999
ip,port
,
163.204.245.203,9999
163.204.241.78,9999
163.204.242.192,9999
58.253.156.80,9999
182.35.83.222,9999
59.45.13.220,35504
120.83.104.92,9999
58.253.156.179,9999
113.121.21.201,9999
60.13.42.26,9999
175.42.128.227,9999
60.13.42.226,9999
182.34.20.89,9999
112.87.68.151,9999
163.204.242.214,9999
42.238.90.30,9999
27.43.189.4,9999
,
60.13.42.104,9999
123.163.96.90,9999
163.204.241.251,9999
122.193.246.40,9999
112.85.128.30,9999
123.169.35.162,9999
112.85.130.199,9999
117.95.195.98,9999
163.204.247.18,9999
60.13.42.198,9999
114.239.250.209,9999
114.239.110.110,9999
120.83.122.155,9999
120.83.104.222,6675
60.169.240.11,808
60.172.85.193,808
60.172.75.18,808
,
60.13.42.32,9999
183.166.7.47,9999
49.89.103.72,9999
112.85.129.187,8090
49.70.32.138,808
163.204.244.48,9999
163.204.246.96,9999
120.83.120.174,9999
27.43.190.15,9999
112.87.68.136,9999
120.83.109.66,9999
120.83.108.108,9999
59.32.37.85,3128
163.204.242.181,9999
121.237.114.92,3128
163.204.244.74,9999
163.204.241.92,9999
112.87.70.205,9999
60.13.42.252,9999
60.13.42.28,9999
120.83.96.173,9999
163.204.246.231,9999
163.204.245.29,9999
163.204.246.26,9999
163.204.245.19,9999
112.85.174.209,9999
1.197.16.238,9999
163.204.243.36,9999
112.85.130.0,9999
112.85.170.91,9999
123.169.35.51,9999
163.204.244.18,9999
182.34.32.253,9999
,
163.204.246.75,9999
163.204.245.140,9999
163.204.247.227,9999
163.204.246.28,9999
182.35.83.128,9999
112.85.128.18,9999
123.163.97.35,9999
163.204.243.112,9999
123.52.140.250,9999
120.83.108.104,9999
114.239.2.224,808
182.35.81.158,9999
182.35.82.173,9999
112.85.130.69,9999
163.204.241.90,9999
180.117.133.103,8118
120.83.108.203,9999
163.204.242.122,9999
163.204.243.124,9999
163.204.242.49,9999
60.13.42.125,9999
163.204.245.191,9999
163.204.242.146,9999
120.83.106.17,9999
163.204.243.169,9999
163.204.246.215,9999
183.166.230.210,9999
163.204.243.233,9999
163.204.245.17,9999
115.53.33.95,9999
112.85.129.106,9999
182.34.35.145,9999
163.204.246.57,9999
123.163.96.178,9999
,
123.163.97.11,9999
120.83.110.146,9999
175.44.109.22,9999
123.132.232.254,37638
112.87.69.241,9999
115.219.108.245,8010
112.85.165.40,9999
112.85.129.100,9999
27.43.191.40,9999
163.204.241.144,9999
27.43.185.96,9999
112.87.68.55,9999
117.95.232.218,9999
123.163.96.232,9999
60.13.42.176,9999
122.193.247.156,9999
112.85.128.170,9999
42.238.88.24,9999
112.87.69.44,9999
112.80.158.105,8118
122.4.29.17,61234
117.80.189.103,808
113.65.5.14,8118
182.34.37.84,9999
111.226.211.21,8118
120.83.103.126,808
175.43.56.61,9999
163.204.242.61,9999
171.12.112.222,9999
163.204.241.89,9999
60.13.42.204,9999
163.204.243.191,9999
60.13.42.77,9999
1.197.10.209,9999
112.85.129.204,9999
114.99.10.95,1133
123.8.115.233,9999
112.87.71.138,9999
60.13.42.20,9999
113.124.87.230,9999
112.87.69.148,9999
120.83.108.97,9999
163.204.242.67,9999
163.204.245.128,9999
60.13.42.83,9999
120.83.106.232,9999
163.204.242.203,9999
,
112.85.128.33,9999
123.8.125.93,9999
113.128.28.103,9999
221.1.200.242,38652
122.193.244.94,9999
60.13.42.76,9999
163.204.245.234,9999
183.166.6.153,9999
163.204.245.168,9999
163.204.240.146,9999
49.89.103.149,9999
122.193.246.136,9999
163.204.244.215,9999
163.204.242.240,9999
115.223.92.230,8010
58.253.159.71,9999
123.163.96.70,9999
163.204.244.99,9999
1.197.16.53,9999
113.121.20.247,9999
60.13.42.200,9999
163.204.244.153,9999
183.166.135.191,808
60.13.42.203,9999
42.159.91.248,8080
171.15.172.146,9999
112.85.148.41,9999
58.209.226.67,8118
120.83.110.208,9999
60.13.42.190,9999
115.202.156.187,39589
117.87.116.84,8123
1.197.10.37,9999
123.163.96.162,9999
113.121.21.118,808
163.204.241.150,9999
182.34.36.46,9999
113.121.23.15,9999
60.13.42.239,9999
123.163.96.77,9999
58.253.155.8,9999
182.35.80.115,9999
58.253.158.22,9999
182.35.82.241,9999
120.83.111.107,9999
,
117.63.81.40,9999
122.193.244.219,9999
112.87.68.251,9999
60.13.42.153,9999
112.85.164.117,9999
171.35.167.191,9999
113.121.20.215,9999
171.11.32.252,9999
113.124.87.90,9999
113.124.86.167,9999
112.87.68.188,9999
163.204.245.207,9999
1.198.73.44,9999
218.73.133.101,9999
60.13.42.6,9999
119.5.164.149,61234
120.83.105.174,9999
183.166.132.103,808
60.13.42.178,9999
163.204.241.64,9999
120.83.104.202,9999
182.35.84.64,9999
182.35.81.56,9999
180.117.225.213,61234
163.204.244.142,9999
,
,
175.43.85.27,9999
113.120.32.245,9999
58.253.156.181,9999
163.204.243.3,9999
27.43.187.202,9999
61.157.136.105,808
1.197.16.112,9999
182.34.33.15,9999
27.43.185.70,9999
180.116.216.159,8118
60.13.42.61,9999
120.83.99.200,9999
163.204.242.190,9999
112.85.175.120,9999
60.13.42.207,9999
123.163.97.232,9999
163.204.242.135,9999
120.83.107.234,9999
163.204.241.196,9999
112.85.130.51,9999
112.85.170.38,9999
163.204.240.18,9999
163.204.240.170,9999
163.204.242.108,9999
163.204.245.48,9999
120.83.110.51,9999
163.204.244.176,9999
112.87.69.141,9999
,
122.193.244.123,9999
163.204.244.54,9999
183.166.20.169,9999
113.128.8.119,9999
183.166.21.252,9999
120.83.107.115,9999
114.239.144.113,808
112.85.164.250,9999
112.85.131.147,9999
120.83.99.199,9999
113.121.23.170,9999
120.83.109.170,9999
182.34.34.67,9999
119.49.240.248,8080
113.121.23.219,9999
163.204.242.74,9999
112.85.128.143,9999
163.204.241.67,9999
163.204.244.98,9999
182.35.83.50,9999
122.193.247.67,9999
113.121.21.97,9999
120.83.105.198,9999
163.204.240.208,9999
120.84.101.168,9999
123.54.46.44,9999
112.85.171.8,9999
58.253.159.229,9999
120.84.101.182,9999
163.204.245.157,9999
163.204.243.115,9999
163.204.247.229,9999
163.204.241.248,9999
,
171.11.32.134,9999
163.204.241.113,9999
120.83.107.204,9999
163.204.240.251,9999
163.204.245.214,9999
182.35.82.164,9999
163.204.240.32,9999
182.35.87.154,9999
175.175.219.0,1133
163.204.243.5,9999
42.59.87.127,1133
123.8.123.140,9999
163.204.242.97,9999
60.169.114.242,808
163.204.240.74,9999
58.253.158.162,9999
1.197.16.231,9999
120.83.108.85,9999
163.204.246.7,61234
114.239.42.181,9999
120.79.147.254,9000
113.124.93.254,9999
182.34.36.210,9999
112.87.69.248,9999
120.83.105.70,9999
163.204.246.22,9999
123.169.34.239,9999
163.204.241.189,9999
112.85.165.21,9999
,
123.169.35.62,9999
58.253.153.151,9999
182.35.82.72,9999
123.101.214.61,9999
119.120.180.168,61234
163.204.245.89,9999
222.85.28.130,40505
163.204.244.186,9999
123.163.96.79,9999
123.163.96.112,9999
171.212.91.173,61234
,
112.85.166.146,9999
112.85.166.113,9999
182.35.83.185,9999
112.85.166.1,9999
163.204.246.17,9999
113.128.27.27,46900
163.204.245.181,9999
171.11.32.100,9999
163.204.240.20,9999
163.204.242.195,9999
113.121.21.4,9999
183.166.110.215,9999
112.85.164.48,9999
112.87.68.213,9999
163.204.243.14,9999
171.11.33.66,9999
36.249.118.10,9999
112.85.165.206,9999
123.8.122.64,9999
123.169.34.216,9999
123.163.97.189,9999
125.90.255.151,8118
163.204.243.167,9999
58.253.155.37,9999
120.83.109.88,9999
36.62.243.242,44067
115.53.87.235,8118
163.204.245.95,9999
122.190.88.219,61234
114.239.199.187,9999
124.112.207.71,808
124.112.162.147,808
58.34.118.95,8118
120.83.107.53,9999
163.204.246.121,9999
163.204.240.55,9999
113.124.93.32,9999
115.219.107.172,8010
120.83.100.110,9999
163.204.243.75,9999
60.13.42.211,9999
113.124.84.242,31572
163.204.241.152,9999
112.85.131.244,9999
163.204.246.150,9999
120.83.96.199,9999
58.253.154.46,9999
120.83.110.248,9999
122.230.241.164,8010
182.35.85.166,9999
60.13.42.134,9999
115.223.84.20,8010
124.93.201.59,59618
60.13.42.14,9999
123.57.61.38,8118
171.11.178.95,9999
222.95.20.203,808
,
163.204.240.215,9999
163.204.243.98,9999
163.204.246.189,9999
123.163.97.95,9999
120.83.110.202,9999
163.204.240.11,9999
182.35.84.157,9999
120.83.99.51,9999
163.204.245.77,9999
183.166.111.42,9999
182.35.84.94,9999
121.237.115.96,61234
123.8.121.248,9999
112.85.151.196,9999
112.85.148.167,9999
112.85.166.174,9999
183.166.96.25,9999
112.85.164.11,9999
120.83.105.203,9999
58.253.152.159,9999
112.85.168.215,9999
123.169.34.176,9999
59.32.37.213,61234
182.35.86.126,9999
163.204.246.137,9999
163.204.242.150,9999
182.35.83.34,9999
120.83.103.24,9999
112.85.168.116,9999
112.87.68.237,9999
163.204.246.9,9999
112.85.169.61,9999
163.204.246.188,9999
112.87.71.192,9999
112.85.164.220,9999
112.87.69.250,9999
163.204.247.240,9999
36.249.109.59,9999
171.15.49.54,9999
1.193.246.5,9999
171.15.66.118,9999
123.8.117.116,9999
112.85.130.71,9999
163.204.244.108,9999
122.230.226.118,8118
112.87.65.234,9999
163.204.241.162,9999
163.204.244.162,9999
60.13.42.182,9999
112.84.54.57,9999
106.110.200.74,9999
112.87.69.110,9999
114.239.198.82,9999
119.41.199.22,8118
114.104.140.201,808
60.13.42.232,9999
1.197.16.177,9999
163.204.245.215,9999
112.85.148.204,9999
182.34.36.71,9999
112.85.175.217,9999
163.204.247.216,9999
112.85.166.16,9999
42.238.86.22,9999
113.121.21.199,9999
120.83.102.54,9999
,
163.204.247.11,9999
61.189.242.243,55484
175.42.128.90,9999
60.190.250.120,8080
60.13.42.49,9999
115.219.109.55,8010
,
163.204.242.60,9999
60.13.42.177,9999
163.204.241.33,9999
120.83.97.141,9999
163.204.241.224,9999
120.83.111.164,9999
163.204.246.232,9999
182.34.36.228,9999
112.85.130.44,9999
182.34.16.14,9999
120.83.100.249,9999
163.204.243.118,9999
171.13.103.137,9999
183.166.71.112,9999
60.13.42.115,9999
113.121.20.48,9999
112.87.71.129,9999
112.87.68.33,9999
112.87.70.243,9999
182.35.85.117,9999
112.87.70.178,9999
112.87.71.239,9999
120.83.105.225,9999
120.83.107.34,9999
112.85.169.130,9999
120.83.100.116,9999
113.124.87.22,9999
182.35.86.110,9999
182.35.84.69,9999
112.85.171.76,9999
60.13.42.105,9999
223.241.7.37,808
182.35.84.132,9999
163.204.246.66,9999
113.124.86.200,9999
163.204.244.42,9999
60.13.42.18,9999
27.43.187.35,9999
60.13.42.230,9999
122.4.40.181,9999
112.85.173.165,9999
112.85.166.13,9999
163.204.242.121,9999
119.134.110.92,8118
58.20.79.188,8118
175.16.20.48,80
123.138.107.173,8118
171.12.43.207,9999
163.204.240.156,9999
60.13.42.140,9999
183.166.125.132,9999
163.204.241.184,9999
60.13.42.214,9999
123.169.118.201,9999
122.4.44.73,9999
163.204.240.199,9999
60.13.42.191,9999
60.13.42.64,9999
171.11.179.250,9999
120.83.100.105,9999
113.121.23.187,9999
,
183.166.111.98,9999
163.204.240.200,9999
112.85.151.161,9999
163.204.245.183,9999
120.83.110.135,9999
182.35.81.161,9999
123.169.35.207,9999
163.204.247.138,9999
175.44.109.30,9999
112.87.71.209,9999
163.204.244.220,9999
101.200.43.49,6000
163.204.244.35,9999
163.204.240.94,9999
58.22.177.10,9999
163.204.241.63,9999
42.238.80.182,9999
,
182.35.82.87,9999
1.197.204.46,9999
112.85.165.180,9999
36.248.132.191,9999
115.223.70.14,8010
182.35.84.53,9999
120.83.108.3,9999
60.13.42.238,9999
163.204.243.72,9999
163.204.244.198,9999
163.204.244.40,9999
163.204.241.226,9999
113.120.35.221,9999
222.94.151.2,808
163.204.241.72,9999
1.198.73.240,9999
163.204.247.119,9999
182.34.35.143,9999
60.13.42.159,9999
120.84.103.56,808
163.204.243.35,9999
120.83.100.59,9999
120.83.96.210,808
180.76.149.42,808
182.35.82.127,9999
175.42.122.210,9999
221.6.138.154,30893
182.35.82.42,9999
163.204.247.123,9999
58.253.156.185,9999
163.204.242.72,9999
115.53.16.84,9999
112.85.171.145,9999
163.204.247.86,9999
123.163.97.112,9999
120.83.108.168,9999
113.124.95.112,808
121.226.2.194,808
182.34.35.203,9999
163.204.247.14,9999
113.121.21.229,9999
182.34.27.0,9999
144.255.49.40,9999
60.13.42.15,9999
60.13.42.212,9999
163.204.246.105,9999
60.13.42.184,9999
27.195.216.14,8118
112.87.68.28,9999
112.85.167.193,9999
42.238.90.155,9999
112.87.70.125,9999
60.13.42.120,9999
113.103.118.231,9999
115.225.74.73,8118
112.85.151.189,9999
60.13.42.229,9999
60.167.22.106,61234
183.17.144.219,53281
61.135.155.82,443
163.204.241.97,9999
114.92.209.149,8118
60.13.42.100,9999
112.87.68.95,9999
163.204.240.244,9999
123.163.122.12,9999
182.35.86.159,9999
163.204.243.171,9999
163.204.240.174,9999
222.89.32.155,9999
112.85.173.162,9999
163.204.240.249,9999
112.85.175.238,9999
123.169.35.184,9999
120.84.103.176,9999
163.204.243.64,9999
113.128.29.115,40983
163.204.245.113,9999
163.204.240.140,9999
163.204.245.213,9999
218.73.133.7,9999
,
120.83.99.191,9999
60.13.42.175,9999
,
182.35.80.203,9999
,
182.35.84.248,9999
182.34.37.173,9999
182.116.234.53,9999
123.101.231.47,9999
182.35.86.89,9999
175.42.68.83,9999
112.85.129.19,9999
163.204.241.204,9999
113.121.20.252,808
115.53.22.102,9999
182.35.85.193,9999
27.43.187.38,9999
60.2.44.182,30963
171.12.112.14,9999
120.84.101.242,9999
36.248.132.58,9999
223.241.118.239,8010
60.13.42.166,9999
163.204.247.33,9999
58.253.157.138,9999
163.204.247.132,9999
163.204.247.249,9999
112.85.170.187,9999
120.83.102.65,808
163.204.245.60,9999
120.83.108.251,9999
163.204.247.12,9999
163.204.247.115,9999
163.204.240.154,9999
120.83.105.253,9999
58.253.153.83,9999
1.197.16.230,9999
163.204.242.18,9999
58.253.153.43,9999
112.87.71.185,9999
112.87.70.66,9999
113.121.21.196,9999
182.35.85.240,9999
175.42.123.66,9999
182.35.83.81,9999
175.155.143.113,1133
60.13.42.149,9999
115.219.110.249,8010
163.204.246.54,9999
123.163.97.117,9999
163.204.243.164,9999
123.163.97.12,9999
163.204.242.234,9999
121.226.17.132,808
58.208.137.51,9999
120.83.106.65,9999
60.13.42.228,9999
163.204.245.254,9999
218.65.219.119,36688
163.204.244.194,9999
60.13.42.45,9999
60.13.42.209,9999
182.34.17.126,61234
112.85.171.174,9999
112.85.165.53,9999
171.15.66.116,9999
112.85.170.109,9999
27.43.189.172,9999
1.197.16.216,9999
112.85.130.55,9999
163.204.244.109,9999
163.204.244.145,9999
163.204.242.223,9999
1.197.16.29,9999
163.204.245.249,9999
163.204.243.107,9999
182.35.84.161,9999
163.204.244.90,9999
123.163.122.188,9999
120.83.107.178,9999
163.204.240.180,9999
112.85.166.214,9999
183.166.110.114,9999
58.253.159.101,9999
112.85.128.135,9999
112.87.64.251,9999
123.52.97.84,9999
163.204.246.77,9999
163.204.240.213,9999
163.204.242.239,9999
163.204.241.20,9999
58.253.154.104,9999
163.204.246.60,9999
163.204.240.236,9999
171.12.112.187,9999
60.13.42.62,9999
120.83.102.200,9999
122.193.246.117,9999
182.34.34.121,9999
120.83.120.108,9999
163.204.241.128,9999
60.13.42.225,9999
163.204.247.49,9999
163.204.247.130,9999
175.43.156.10,9999
1.198.72.111,9999
112.87.71.20,9999
182.35.86.253,9999
113.124.84.85,9999
120.83.106.16,9999
112.87.70.71,9999
58.253.154.123,9999
113.124.84.46,9999
58.253.156.137,9999
123.163.96.108,9999
113.121.22.50,808
120.84.101.35,9999
120.83.98.74,9999
163.204.243.99,9999
163.204.247.194,9999
123.163.96.170,9999
123.163.122.17,9999
163.204.247.84,9999
112.85.151.248,9999
183.166.20.224,9999
163.204.245.122,9999
182.35.83.166,9999
163.204.243.248,9999
182.35.86.214,9999
113.120.32.206,9999
163.204.247.177,9999
112.87.70.68,9999
113.128.27.199,9999
183.166.21.3,9999
182.35.83.220,9999
182.35.84.6,9999
163.204.247.95,9999
122.193.245.18,9999
112.87.65.113,9999
182.34.33.216,9999
,
163.204.242.225,8888
182.35.87.126,9999
163.204.245.76,9999
,
,
222.189.144.147,9999
60.13.42.97,9999
140.207.50.246,51426
163.204.240.69,9999
119.134.110.247,8118
120.84.100.40,9999
120.84.100.126,9999
163.204.244.228,9999
60.13.42.39,9999
112.85.168.97,9999
123.163.96.87,9999
123.163.122.132,9999
120.83.105.175,9999
120.83.97.10,9999
112.85.170.169,9999
120.83.122.45,9999
113.124.92.147,9999
60.13.42.47,9999
163.204.243.92,9999
112.85.175.119,9999
163.204.247.2,9999
163.204.245.165,9999
117.84.101.100,9999
175.148.76.57,1133
182.35.85.91,9999
1.197.11.101,9999
182.35.81.159,9999
120.83.104.154,9999
120.83.106.187,9999
60.13.42.55,9999
122.4.51.179,9999
163.204.243.235,9999
163.204.244.117,9999
163.204.247.206,9999
120.83.110.240,9999
115.53.18.37,9999
112.85.169.12,9999
112.85.129.177,9999
163.204.242.91,9999
113.124.84.114,9999
120.83.111.195,9999
122.193.247.138,9999
120.83.106.55,9999
180.109.165.50,8118
113.121.23.228,40921
112.85.169.50,9999
163.204.240.188,9999
171.11.32.245,9999
120.84.100.121,9999
182.35.87.194,9999
60.13.42.96,9999
58.253.158.241,9999
113.128.11.235,61234
60.13.42.173,9999
218.27.84.219,8118
60.13.42.129,9999
123.169.113.97,9999
60.13.42.253,9999
36.248.129.236,9999
60.13.42.43,9999
112.85.167.38,9999
171.15.67.46,9999
112.85.174.44,9999
112.85.173.38,9999
113.57.34.214,18118
60.13.42.52,9999
115.218.134.217,8118
223.241.78.55,18118
58.253.158.240,9999
60.13.42.66,9999
60.13.42.169,9999
115.53.37.38,9999
60.13.42.90,9999
175.43.59.62,9999
115.53.18.210,9999
171.11.33.99,9999
163.204.242.109,9999
60.13.42.183,9999
60.13.42.103,9999
112.85.170.85,9999
122.4.28.38,9999
163.204.247.71,9999
163.204.246.218,9999
113.121.22.36,9999
119.130.107.14,3128
163.204.245.47,9999
163.204.246.131,9999
1.197.16.44,9999
163.204.243.113,9999
59.32.37.152,8010
27.43.187.121,9999
60.13.42.241,9999
1.197.16.49,9999
171.15.48.182,9999
,
112.85.128.246,9999
182.35.84.209,9999
60.13.42.161,9999
163.204.241.229,9999
163.204.242.227,9999
163.204.247.221,9999
163.204.242.111,9999
163.204.240.90,9999
,
117.91.232.31,9999
112.87.69.152,9999
114.230.69.42,9999
163.204.246.221,9999
1.197.204.114,9999
113.121.20.22,9999
163.204.243.216,9999
122.193.246.5,9999
120.83.107.215,9999
58.253.158.68,9999
218.14.48.54,9999
60.13.42.123,9999
125.109.194.158,9999
115.53.22.208,9999
112.85.164.227,9999
120.83.111.55,9999
182.35.86.191,9999
113.121.46.55,9999
182.35.85.13,9999
163.204.246.135,9999
163.204.240.106,9999
123.163.97.61,9999
163.204.246.216,9999
36.249.118.56,9999
163.204.241.5,9999
171.13.103.128,9999
182.35.81.103,9999
182.34.35.85,9999
163.204.244.63,9999
163.204.244.252,9999
163.204.243.230,9999
36.249.109.11,9999
115.53.33.52,9999
163.204.242.11,9999
163.204.243.27,9999
163.204.244.244,9999
182.35.83.224,9999
183.128.167.248,8118
182.35.86.217,9999
60.13.42.38,9999
222.89.32.141,8070
183.157.84.221,8118
222.189.191.34,9999
123.163.122.129,9999
122.193.245.145,9999
112.85.151.152,9999
144.123.71.131,9999
163.204.245.14,9999
122.4.44.118,9999
123.163.97.10,9999
112.87.68.163,9999
112.85.151.75,9999
60.13.42.48,9999
183.166.145.81,808
106.42.217.135,9999
182.116.252.234,9999
182.116.224.41,9999
182.116.235.128,9999
163.204.245.126,9999
112.87.64.21,9999
163.204.244.226,9999
163.204.247.21,9999
171.11.28.163,9999
163.204.243.128,9999
163.204.242.170,9999
182.35.82.192,9999
60.13.42.124,9999
182.34.32.109,9999
182.35.87.203,9999
112.85.149.113,9999
112.85.131.84,9999
112.85.149.223,9999
163.204.247.27,9999
120.83.107.113,9999
1.197.10.214,9999
113.121.22.73,9999
120.83.107.242,9999
182.35.81.92,9999
113.124.87.132,9999
182.35.82.128,9999
1.197.16.72,9999
115.219.104.186,8010
58.253.157.108,9999
182.35.82.51,9999
60.13.42.37,9999
113.121.21.32,9999
183.150.163.196,1133
112.85.129.135,9999
182.35.83.194,9999
222.72.166.235,53281
60.13.42.36,9999
112.85.169.199,9999
123.163.97.239,9999
163.204.241.50,9999
42.238.90.152,9999
27.43.190.162,9999
163.204.244.106,9999
163.204.243.29,9999
27.43.189.224,9999
1.197.204.242,9999
123.163.97.3,9999
60.13.42.151,9999
112.87.71.188,9999
144.123.71.212,31050
120.83.111.226,9999
182.35.81.38,9999
163.204.243.81,9999
163.204.240.64,9999
112.85.128.19,9999
58.253.153.15,9999
115.53.35.32,9999
123.169.123.170,9999
175.165.128.31,1133
183.166.171.242,61234
112.85.165.79,9999
112.85.171.117,9999
113.121.21.188,9999
120.83.120.117,9999
113.121.20.36,9999
125.110.68.236,8118
59.42.42.96,8118
120.83.102.147,9999
113.121.21.236,9999
112.85.169.154,9999
163.204.244.68,9999
163.204.241.174,9999
163.204.240.225,9999
113.117.108.226,61234
60.13.42.132,9999
171.11.179.65,9999
163.204.245.35,9999
163.204.242.161,9999
112.87.71.53,9999
60.13.42.135,9999
182.35.85.63,9999
171.11.178.170,9999
112.85.150.241,9999
163.204.240.247,9999
120.83.121.208,9999
163.204.241.168,9999
163.204.246.157,9999
123.163.122.196,9999
27.43.186.150,9999
123.169.36.61,8010
59.32.37.84,53128
163.204.245.37,9999
60.13.42.219,9999
163.204.242.41,9999
163.204.245.248,9999
163.204.242.31,9999
,
1.197.16.60,9999
1.198.108.105,9999
113.121.21.204,9999
220.173.39.87,8118
123.169.34.162,9999
182.35.85.4,9999
117.91.133.241,9999
121.233.206.32,9999
222.189.191.231,9999
182.35.80.200,9999
175.43.32.17,9999
163.204.244.137,9999
60.13.42.240,9999
120.83.110.179,9999
182.35.85.239,9999
163.204.246.38,9999
163.204.241.126,9999
163.204.241.203,9999
222.189.191.193,9999
115.46.81.152,8123
60.13.42.17,9999
163.204.245.73,9999
120.83.110.36,808
123.163.122.218,9999
123.163.122.222,9999
27.43.185.157,9999
112.85.170.2,9999
60.13.42.112,9999
163.204.240.77,9999
163.204.247.199,9999
163.204.247.68,9999
163.204.247.170,9999
182.35.83.195,9999
163.204.243.255,9999
112.85.130.209,9999
163.204.245.105,9999
122.193.244.11,9999
182.35.86.78,9999
112.87.70.235,9999
117.81.103.220,9999
112.85.129.122,9999
27.43.190.210,9999
163.204.240.39,9999
163.204.240.62,9999
121.233.227.214,9999
180.119.141.163,9999
120.83.103.207,9999
171.11.33.68,9999
171.13.102.168,9999
123.101.212.101,9999
163.204.243.209,9999
163.204.246.5,9999
182.116.227.204,9999
106.42.174.56,9999
182.116.226.58,9999
106.42.216.221,9999
182.35.82.44,9999
163.204.240.133,9999
163.204.240.95,9999
113.121.45.7,9999
60.13.42.216,9999
182.34.34.189,9999
183.166.103.116,9999
182.34.37.119,9999
182.35.83.150,9999
223.241.118.106,8010
163.204.244.126,9999
112.87.70.105,9999
123.163.122.10,9999
36.248.129.191,9999
112.85.131.85,9999
58.253.156.119,9999
120.83.99.193,9999
58.253.154.238,9999
120.83.105.91,9999
163.204.92.219,9999
218.24.16.198,43620
112.87.68.15,9999
122.193.247.170,9999
112.87.68.71,9999
163.204.93.28,9999
163.204.243.198,9999
163.204.241.75,9999
163.204.242.98,9999
113.124.84.14,9999
117.80.4.25,9999
182.35.80.244,9999
182.35.81.211,9999
58.208.137.244,9999
120.83.99.147,9999
175.42.129.18,9999
182.35.83.203,9999
112.85.131.155,9999
113.121.37.254,9999
122.193.247.23,9999
60.13.42.150,9999
112.85.130.106,9999
182.35.83.58,9999
163.204.240.201,9999
112.85.130.47,9999
120.83.120.213,9999
112.87.69.20,9999
112.87.71.106,9999
183.166.71.117,9999
123.163.97.203,9999
113.124.84.165,9999
113.121.20.217,9999
58.253.157.130,9999
113.121.23.141,9999
163.204.245.50,9999
163.204.244.56,9999
113.124.86.125,9999
163.204.243.74,9999
117.64.250.157,808
60.13.42.40,9999
113.121.20.246,9999
114.103.169.26,808
175.8.108.234,8118
222.94.146.241,808
120.83.105.18,9999
112.85.169.17,9999
113.120.35.252,9999
182.35.80.141,9999
113.121.47.94,9999
27.43.189.8,9999
163.204.244.11,9999
122.4.41.125,9999
113.103.227.33,9999
123.169.35.148,9999
163.204.246.186,9999
163.204.242.197,9999
163.204.241.172,9999
120.83.99.29,9999
182.35.84.70,9999
163.204.243.31,9999
163.204.241.177,9999
113.121.43.105,808
123.163.97.82,9999
163.204.240.148,9999
163.204.241.35,9999
163.204.246.108,9999
121.233.207.11,9999
220.173.57.121,8118
113.121.41.118,9999
182.116.234.169,9999
113.117.119.6,9999
113.117.120.97,9999
182.34.22.210,9999
1.197.203.240,9999
121.233.207.112,9999
123.163.97.121,9999
114.230.69.180,9999
120.83.98.97,808
121.226.44.80,808
120.83.111.202,9999
121.233.226.95,9999
182.34.34.8,9999
60.13.42.53,9999
122.4.47.7,9999
122.4.51.216,9999
120.83.107.44,9999
113.121.21.233,9999
60.13.42.128,9999
112.87.68.54,9999
120.83.101.178,9999
115.53.16.176,9999
123.163.96.16,9999
60.13.42.143,9999
1.197.16.159,9999
222.89.32.153,9999
163.204.247.103,9999
122.193.245.75,9999
163.204.242.90,9999
123.163.97.160,9999
60.13.42.138,9999
112.85.165.4,9999
163.204.240.127,9999
58.253.155.65,9999
123.169.36.161,9999
182.34.32.56,9999
182.35.87.206,9999
163.204.242.141,9999
120.83.106.176,9999
144.255.49.129,9999
123.169.34.211,808
60.13.42.213,9999
163.204.247.187,9999
182.35.85.231,9999
182.34.34.181,9999
163.204.243.91,8118
222.189.190.194,9999
182.35.82.111,9999
182.35.80.41,9999
163.204.241.158,9999
163.204.245.123,9999
182.35.87.174,9999
117.91.131.74,9999
163.204.243.190,9999
163.204.240.163,9999
163.204.243.147,9999
163.204.247.153,9999
123.163.97.134,9999
163.204.243.201,9999
163.204.243.243,9999
123.163.97.235,9999
113.124.84.124,9999
123.163.97.202,9999
113.124.87.244,9999
120.83.107.47,9999
124.226.138.210,8118
1.193.246.180,9999
1.193.246.181,9999
36.249.49.47,9999
113.128.123.168,9999
123.8.121.221,9999
42.238.90.41,9999
163.204.242.148,9999
171.12.113.84,9999
60.13.42.35,9999
163.204.247.253,9999
42.238.90.146,9999
113.120.62.226,9999
120.83.120.128,9999
120.83.105.233,9999
122.4.51.23,9999
123.54.46.104,9999
123.54.45.141,9999
123.54.46.140,9999
163.204.240.218,9999
58.253.158.126,9999
182.34.37.247,9999
60.13.42.152,9999
36.249.48.60,9999
123.163.122.9,9999
60.13.42.109,9999
27.43.190.247,9999
112.85.130.152,9999
163.204.241.34,9999
183.166.96.213,9999
113.121.23.116,9999
36.249.119.43,9999
113.121.20.214,9999
123.163.97.185,9999
112.85.166.7,9999
112.85.170.131,8090
122.4.49.217,9999
163.204.246.209,9999
49.65.134.199,808
113.120.36.50,9999
60.13.42.42,9999
183.166.21.57,9999
182.35.87.130,9999
113.121.22.163,9999
112.85.173.67,9999
163.204.243.157,9999
120.83.106.153,9999
144.123.69.202,9999
163.204.243.30,9999
113.121.22.164,9999
112.85.169.22,9999
58.253.153.162,9999
223.241.144.247,808
112.87.69.168,9999
49.70.33.160,808
113.124.93.207,9999
163.204.245.99,9999
120.83.107.55,9999
113.121.22.98,9999
60.13.42.46,9999
163.204.242.214,9999
27.43.191.181,9999
123.163.96.249,9999
163.204.247.102,9999
182.34.27.94,9999
1.198.73.3,9999
60.13.42.81,9999
1.197.16.199,9999
113.117.118.51,9999
27.43.186.86,9999
175.43.35.51,9999
175.43.153.218,9999
123.163.97.92,9999
121.226.44.160,808
218.91.112.136,9999
113.121.22.96,9999
60.13.42.10,9999
1.197.204.188,9999
182.35.81.0,9999
123.163.96.223,9999
182.34.37.74,9999
163.204.241.125,9999
163.204.246.69,9999
163.204.247.38,9999
120.83.107.103,9999
182.35.81.102,9999
163.204.241.96,9999
120.83.106.8,9999
113.120.32.166,9999
112.87.69.88,9999
182.35.86.131,9999
163.204.242.89,9999
123.163.96.131,9999
1.197.16.130,9999
163.204.247.48,9999
163.204.242.198,9999
163.204.247.147,9999
113.121.23.180,9999
36.249.118.54,9999
36.249.53.4,9999
1.193.246.208,9999
163.204.247.182,9999
163.204.247.117,9999
120.83.106.43,9999
120.83.111.254,9999
120.83.108.20,9999
123.54.47.157,9999
125.110.73.81,8118
123.54.46.43,9999
122.193.247.15,9999
120.83.108.143,9999
42.238.90.204,9999
182.35.80.250,9999
113.121.20.53,9999
112.85.168.52,9999
60.13.42.250,9999
58.253.154.103,9999
120.83.97.197,9999
163.204.245.39,9999
163.204.244.123,9999
60.13.42.147,9999
120.83.105.227,6675
123.163.122.23,9999
60.13.42.172,9999
163.204.243.251,9999
223.242.224.145,9999
163.204.247.136,9999
163.204.243.106,9999
60.13.42.87,9999
163.204.241.77,9999
112.87.68.145,9999
27.44.222.124,80
183.166.97.89,9999
163.204.244.96,9999
122.193.245.250,9999
182.35.86.216,9999
171.11.178.142,9999
163.204.243.152,9999
60.13.42.185,9999
122.4.50.155,9999
175.43.142.195,9999
58.253.153.74,9999
120.83.106.23,9999
113.121.23.50,9999
119.254.94.114,45691
116.113.27.170,47849
180.109.34.212,61234
163.204.243.175,9999
112.85.150.16,9999
112.85.171.222,9999
36.249.53.27,9999
1.198.72.69,9999
163.204.241.8,9999
60.13.42.126,9999
112.85.168.183,9999
163.204.242.226,9999
180.107.24.148,8118
124.112.236.42,808
163.204.243.41,9999
163.204.247.25,9999
60.13.42.221,9999
163.204.93.207,9999
113.121.20.20,27473
163.204.245.43,9999
123.163.122.106,9999
112.85.131.216,9999
112.87.64.179,9999
163.204.246.173,9999
163.204.243.193,9999
182.35.80.83,9999
163.204.245.120,9999
112.85.174.212,9999
120.83.105.131,9999
60.13.42.215,9999
163.204.244.188,9999
115.223.69.197,8010
163.204.242.15,9999
163.204.245.55,9999
117.91.133.252,9999
60.13.42.116,9999
112.85.129.169,9999
163.204.241.16,9999
112.87.71.85,9999
175.43.130.185,9999
175.43.56.29,9999
27.43.184.251,9999
121.236.169.60,9999
113.117.108.198,9999
59.32.37.164,3128
163.204.240.142,9999
182.35.80.202,9999
36.249.52.23,9999
117.91.252.50,9999
112.87.70.195,9999
113.121.22.62,9999
120.83.111.72,9999
117.91.132.143,9999
117.91.130.200,9999
112.85.129.245,9999
222.189.144.213,9999
115.221.119.167,9999
222.189.144.246,9999
120.83.110.253,9999
120.83.105.220,9999
120.83.106.217,9999
1.197.16.51,9999
117.91.253.226,9999
163.204.242.83,9999
1.198.73.214,9999
119.120.180.177,9999
182.35.82.214,9999
163.204.240.83,9999
182.35.85.94,9999
123.163.96.3,9999
163.204.244.76,9999
218.91.112.83,9999
112.87.68.232,9999
42.238.81.177,9999
163.204.246.225,9999
117.91.131.24,9999
27.43.187.125,9999
123.169.35.15,9999
163.204.247.184,9999
112.85.168.50,9999
163.204.242.167,9999
163.204.241.235,9999
163.204.242.139,9999
182.34.33.66,9999
182.34.27.72,9999
163.204.244.75,9999
163.204.243.249,9999
112.87.68.202,9999
163.204.247.47,9999
182.34.32.168,9999
113.121.22.183,9999
182.34.36.187,9999
182.116.232.196,9999
182.35.80.94,9999
163.204.243.180,9999
182.35.85.157,9999
163.204.244.212,9999
163.204.243.252,9999
117.91.132.170,9999
58.253.156.1,9999
1.197.16.129,9999
163.204.246.126,9999
60.13.42.67,9999
49.86.182.174,9999
60.13.42.236,9999
182.35.80.8,9999
59.32.37.76,61234
163.204.247.73,9999
60.13.42.235,9999
60.13.42.33,9999
115.219.105.19,8010
163.204.247.101,9999
112.87.66.54,9999
60.179.248.135,8010
182.34.34.188,9999
120.83.108.39,9999
112.85.130.119,9999
123.54.40.192,9999
171.11.56.40,9999
171.11.29.15,9999
175.43.151.68,9999
113.120.62.150,9999
60.13.42.27,9999
60.13.42.72,9999
112.85.170.9,9999
60.13.42.187,9999
60.13.42.60,9999
60.13.42.74,9999
120.83.101.49,9999
123.163.97.183,9999
1.197.204.162,9999
163.204.247.157,9999
123.163.97.63,9999
123.163.97.64,9999
1.197.16.160,9999
163.204.240.216,9999
163.204.244.201,9999
112.85.170.111,9999
113.120.33.0,9999
1.197.16.3,9999
183.166.70.94,9999
182.34.37.114,9999
27.43.184.231,9999
163.204.245.230,9999
163.204.247.99,9999
163.204.243.57,9999
112.85.131.152,9999
163.204.245.111,9999
120.83.106.26,9999
113.121.23.43,9999
163.204.242.53,9999
163.204.240.178,9999
182.35.82.159,9999
60.13.42.197,9999
112.87.71.96,9999
113.120.33.44,9999
163.204.243.93,9999
120.83.104.199,9999
112.85.164.30,9999
120.83.110.239,9999
112.87.71.38,9999
182.35.86.27,9999
112.85.170.72,9999
120.83.106.99,9999
58.253.153.87,9999
58.253.156.133,9999
113.121.23.57,9999
120.83.107.223,9999
120.83.97.80,9999
120.83.111.85,9999
163.204.246.179,9999
171.11.33.204,9999
163.204.245.0,9999
112.85.168.104,9999
112.87.71.144,9999
113.121.65.164,9999
163.204.243.238,9999
163.204.240.241,9999
120.83.107.6,9999
163.204.244.181,9999
182.35.87.246,9999
60.13.42.58,9999
60.13.42.114,9999
182.35.82.32,9999
163.204.242.64,9999
112.87.71.196,9999
163.204.244.172,9999
120.83.106.68,9999
163.204.241.185,9999
120.83.120.124,9999
113.124.87.139,9999
163.204.240.21,9999
163.204.246.118,9999
120.84.103.54,9999
1.197.203.231,9999
182.35.86.195,9999
115.53.21.31,9999
112.85.168.43,9999
123.163.97.198,9999
163.204.242.73,9999
112.85.129.180,9999
120.83.104.220,9999
180.119.141.55,9999
1.198.73.140,9999
58.253.157.224,9999
182.35.81.146,9999
1.198.73.185,9999
218.73.141.169,9999
42.238.90.145,9999
36.249.53.38,9999
36.249.109.48,9999
113.120.32.57,61234
117.64.250.113,808
121.69.13.242,53281
27.195.216.21,8118
125.115.183.120,3128
182.35.82.196,9999
182.35.85.136,9999
182.35.81.136,9999
180.107.248.56,9999
60.13.42.218,9999
113.121.20.5,9999
120.83.123.228,9999
182.35.84.14,9999
120.83.105.66,9999
114.230.24.252,9999
180.119.68.76,9999
163.204.240.38,9999
182.35.80.160,9999
112.85.165.130,9999
115.223.102.32,8010
1.199.31.5,9999
171.15.174.88,9999
180.168.13.26,8000
113.121.43.176,9999
113.121.21.126,9999
114.230.117.87,9999
163.204.242.114,9999
112.85.131.211,9999
112.87.68.59,9999
112.87.68.38,9999
123.163.96.64,808
163.204.243.46,9999
182.35.87.186,9999
113.124.93.231,9999
163.204.240.223,9999
113.124.84.143,9999
113.121.44.151,9999
163.204.245.9,9999
120.83.107.224,9999
163.204.241.98,9999
113.121.22.252,9999
163.204.246.68,9999
58.253.154.234,9999
182.35.80.70,9999
60.13.42.22,9999
182.35.80.229,9999
58.253.156.225,9999
163.204.240.126,9999
60.13.42.70,9999
123.163.122.108,9999
175.42.122.46,9999
123.163.97.234,9999
182.35.82.130,9999
163.204.245.72,9999
182.35.83.93,9999
182.35.84.183,9999
182.35.87.248,9999
163.204.247.17,9999
182.35.80.59,9999
60.13.42.208,9999
1.198.72.89,9999
112.85.173.252,9999
120.83.109.181,9999
163.204.242.63,9999
121.236.17.40,9999
112.87.71.84,9999
144.123.69.84,9999
106.42.172.82,9999
120.84.100.202,9999
112.87.71.137,9999
144.123.70.169,9999
112.87.69.156,9999
59.32.37.231,8010
112.87.68.118,9999
113.120.61.174,30413
113.121.22.124,9999
113.124.86.212,9999
112.85.167.44,9999
1.197.203.164,9999
163.204.247.210,9999
1.197.16.101,9999
112.85.168.42,9999
42.238.85.12,9999
171.13.4.71,9999
112.85.129.176,9999
182.35.87.187,9999
182.35.84.91,9999
163.204.243.58,9999
163.125.1.54,8118
163.204.246.10,9999
182.35.86.165,9999
113.121.20.173,9999
123.163.97.184,9999
163.204.244.206,9999
163.204.247.150,9999
163.204.247.36,9999
1.197.16.94,9999
182.35.82.12,9999
120.83.106.143,9999
182.35.86.229,9999
58.253.159.150,9999
123.8.125.85,9999
182.35.85.161,9999
123.163.122.200,9999
60.13.42.142,9999
163.204.243.176,9999
60.13.42.29,9999
163.204.95.53,9999
182.35.85.12,9999
182.34.26.244,9999
163.204.240.246,9999
120.83.99.122,9999
182.35.80.241,9999
163.204.245.164,9999
113.121.20.241,9999
163.204.242.22,9999
182.35.81.168,9999
122.4.28.68,45314
120.83.105.11,9999
112.85.172.217,9999
36.248.129.144,9999
60.13.42.223,9999
123.163.96.80,9999
112.85.170.175,9999
222.128.9.235,59593
123.163.97.7,9999
120.83.98.21,9999
121.227.142.95,9999
60.13.42.179,9999
112.85.169.57,18118
112.87.70.197,9999
182.34.36.178,9999
112.85.128.245,9999
58.254.220.116,52470
163.204.246.1,9999
182.35.80.251,9999
122.4.49.0,9999
163.204.247.89,9999
163.204.241.223,9999
120.83.110.170,9999
163.204.241.142,9999
182.35.82.254,9999
182.35.84.80,9999
163.204.244.47,9999
112.85.151.21,9999
182.35.87.175,9999
113.124.92.88,9999
120.83.99.192,9999
60.13.42.117,9999
222.89.32.164,8070
163.204.244.233,9999
163.204.245.51,9999
113.121.22.177,9999
163.204.243.129,9999
182.35.82.232,9999
60.13.42.242,9999
112.87.69.40,9999
163.204.246.48,9999
222.189.191.219,9999
163.204.246.200,9999
117.91.249.95,9999
42.238.83.51,9999
182.35.84.213,9999
122.137.26.98,8080
27.42.168.46,48919
182.35.87.204,9999
175.42.129.248,9999
1.197.16.211,9999
60.13.42.245,9999
182.35.81.115,9999
182.35.83.27,9999
121.233.227.133,9999
218.91.112.185,9999
120.83.110.74,9999
1.197.16.150,9999
117.91.132.117,9999
49.86.183.7,9999
114.230.69.19,9999
163.204.246.214,9999
222.189.190.87,9999
171.15.51.226,9999
175.43.35.46,9999
125.67.25.83,41681
113.128.28.56,9999
113.128.26.120,9999
113.128.28.125,9999
163.204.246.21,9999
122.193.246.214,9999
114.230.86.174,9999
112.85.130.30,9999
180.119.141.20,9999
182.35.87.84,9999
113.121.21.104,9999
1.197.203.185,9999
163.204.241.112,9999
163.204.241.210,9999
123.169.38.90,808
163.204.244.213,9999
1.197.16.243,9999
123.163.96.193,9999
163.204.245.227,9999
1.197.203.15,9999
163.204.243.100,9999
60.13.42.160,9999
58.253.156.135,9999
182.34.34.228,9999
113.121.21.238,9999
120.83.104.26,9999
120.83.109.52,9999
112.87.71.76,9999
183.166.97.237,9999
163.204.245.2,9999
182.35.87.108,9999
121.233.206.73,9999
163.204.246.149,9999
182.35.83.33,9999
163.204.243.16,9999
163.204.246.174,9999
112.85.173.121,9999
183.166.102.147,9999
163.204.242.248,9999
120.83.107.36,9999
183.166.110.39,9999
115.219.104.57,8010
221.225.68.238,8118
112.85.168.220,9999
119.134.110.195,8118
115.219.105.80,8010
175.42.68.90,9999
36.248.133.171,9999
112.85.166.204,9999
59.32.37.227,3128
171.11.32.248,9999
112.85.174.138,9999
182.116.252.107,9999
112.85.170.167,9999
175.155.141.205,1133
171.15.66.105,9999
171.15.172.147,9999
171.15.51.61,9999
59.32.37.86,61234
171.15.175.108,9999
183.166.111.162,9999
60.13.42.41,9999
163.204.246.252,9999
120.83.97.33,808
182.34.18.228,9999
182.34.37.252,9999
120.83.111.38,9999
123.163.97.215,9999
163.204.247.87,9999
60.13.42.181,9999
175.43.56.17,9999
112.85.148.32,9999
60.13.42.113,9999
60.13.42.24,9999
113.121.23.12,9999
120.83.105.126,9999
120.83.102.122,9999
117.64.251.14,808
117.64.148.59,808
117.64.148.18,808
60.13.42.156,9999
112.85.164.49,9999
113.121.20.154,9999
182.35.81.145,9999
120.83.108.62,9999
59.32.37.49,8010
122.193.244.205,9999
113.86.151.149,8118
58.253.156.23,9999
144.255.48.130,9999
163.204.240.121,9999
120.83.108.84,9999
60.13.42.165,9999
60.13.42.195,9999
60.13.42.158,9999
60.13.42.78,9999
60.13.42.148,9999
1.198.109.58,9999
163.204.240.105,9999
123.163.122.217,9999
58.253.156.17,9999
182.34.34.122,9999
106.111.53.76,61234
163.204.94.8,9999
163.204.244.60,9999
113.121.42.123,9999
175.155.140.60,1133
114.225.60.19,9999
180.104.142.49,8123
112.85.169.244,9999
120.83.121.151,9999
119.254.94.93,46323
116.22.4.14,8118
221.206.100.133,34073
182.116.232.77,9999
171.13.4.83,9999
113.120.63.225,9999
182.116.229.198,9999
182.116.226.105,9999
163.204.243.161,9999
36.249.53.24,9999
120.83.106.145,9999
163.204.246.39,9999
120.83.105.121,9999
112.85.175.178,9999
163.204.243.135,9999
163.204.246.125,9999
182.35.85.52,9999
60.13.42.234,9999
112.85.165.123,9999
60.13.42.8,9999
112.85.150.237,9999
163.204.241.81,9999
163.204.247.248,9999
120.83.122.26,808
114.230.24.31,9999
222.189.191.46,9999
163.204.242.144,9999
58.253.154.142,9999
123.163.97.24,9999
182.35.84.181,9999
182.35.82.81,9999
113.121.22.118,9999
120.83.110.69,9999
175.175.219.130,1133
1.197.16.64,9999
117.91.232.16,9999
222.189.144.26,9999
182.35.81.152,9999
1.198.73.24,9999
163.204.245.15,9999
112.111.77.246,9999
112.85.164.179,9999
171.11.178.135,9999
113.128.8.118,9999
221.236.120.76,8118
182.35.86.23,9999
120.84.101.25,9999
222.84.169.150,808
222.94.150.119,61234
119.99.251.250,53281
112.85.149.30,9999
118.187.58.34,53281
222.189.191.100,9999
222.189.144.77,9999
163.204.245.44,9999
122.193.246.184,9999
121.233.226.88,9999
163.204.242.158,9999
182.35.83.221,9999
112.85.169.252,9999
49.72.134.10,9999
121.227.254.161,9999
120.83.109.46,9999
163.204.241.17,9999
123.163.122.78,9999
60.13.42.34,9999
163.204.242.172,9999
123.163.97.118,9999
120.83.110.219,9999
60.13.42.111,9999
120.83.103.241,9999
112.85.164.249,9999
42.238.91.64,9999
120.83.103.28,9999
113.121.22.211,9999
182.35.81.212,9999
27.43.185.64,9999
120.83.106.2,9999
60.217.64.237,31923
182.35.80.164,9999
121.233.251.60,9999
123.169.37.250,38677
120.83.109.29,9999
163.204.241.164,9999
163.204.246.42,9999
163.204.241.228,9999
175.42.68.4,9999
123.163.97.199,9999
182.35.81.133,9999
113.120.37.130,9999
163.204.242.238,9999
163.204.243.114,9999
163.204.242.147,9999
60.13.42.189,9999
114.99.30.77,8010
182.35.81.187,9999
1.197.10.148,9999
112.85.129.65,9999
1.199.31.161,9999
182.35.80.124,9999
1.197.203.75,9999
171.15.174.113,9999
113.122.13.171,53128
59.32.37.187,1133
163.204.246.82,9999
113.121.23.216,9999
182.34.34.41,9999
163.204.240.97,9999
163.204.240.222,9999
163.204.242.95,9999
120.83.96.112,808
120.83.108.151,9999
163.204.247.236,9999
117.64.251.234,808
163.204.246.138,9999
113.121.46.45,9999
182.35.83.118,9999
58.56.149.198,53281
113.121.21.187,9999
163.204.240.49,9999
123.163.96.105,9999
163.204.245.225,9999
60.13.42.168,9999
183.166.103.208,9999
175.43.85.4,9999
113.120.36.105,9999
182.116.230.217,9999
163.204.245.16,9999
182.116.229.26,9999
122.193.161.44,8118
60.13.42.130,9999
1.198.72.121,9999
163.204.241.99,9999
42.238.88.250,9999
114.230.69.13,9999
112.85.170.36,9999
1.198.73.181,9999
163.204.246.184,9999
1.197.16.68,9999
182.35.82.40,9999
1.197.16.41,9999
163.204.241.70,9999
163.204.243.168,9999
182.35.86.42,9999
163.204.244.13,9999
182.35.85.6,9999
163.204.243.110,9999
222.89.32.170,9999
182.35.82.172,9999
112.85.131.42,9999
163.204.245.201,9999
182.35.84.155,9999
122.193.247.115,9999
163.204.241.190,9999
163.204.243.206,9999
163.204.247.201,9999
163.204.244.32,9999
182.35.82.139,9999
182.35.85.74,9999
113.121.240.190,36831
221.218.102.146,33323
1.197.16.20,9999
123.169.37.92,9999
182.35.85.111,9999
182.35.83.44,9999
163.204.242.206,9999
163.204.246.113,9999
117.64.250.235,808
117.64.250.12,808
163.204.245.61,9999
112.85.129.55,9999
120.83.110.153,9999
163.204.247.126,9999
125.73.220.18,31036
120.83.103.103,9999
120.83.104.49,9999
182.116.239.102,9999
182.116.237.33,9999
182.116.226.249,9999
58.253.152.234,9999
113.121.21.200,53128
113.121.22.148,9999
27.43.187.177,9999
112.85.169.120,9999
163.204.246.152,9999
60.13.42.63,9999
58.253.155.198,9999
113.121.22.104,9999
163.204.245.219,9999
123.52.141.134,9999
182.116.224.94,9999
175.43.179.207,9999
175.43.85.156,9999
123.52.146.135,9999
182.116.225.198,9999
183.45.173.137,8118
120.83.104.114,9999
163.204.243.160,9999
123.169.34.156,9999
163.204.247.204,9999
113.121.20.63,9999
120.83.109.32,9999
171.11.32.241,9999
123.169.35.84,9999
112.85.130.205,9999
1.198.72.229,9999
163.204.244.37,9999
182.35.84.134,9999
222.189.191.177,9999
117.91.133.157,9999
27.43.188.122,9999
122.4.41.159,9999
123.163.97.132,9999
112.85.166.241,9999
115.223.83.170,8010
163.204.245.41,9999
113.121.23.239,9999
1.197.204.200,9999
112.87.69.225,9999
163.204.243.179,9999
175.42.158.103,9999
163.204.240.109,9999
163.204.246.236,9999
163.204.240.136,9999
182.35.80.169,9999
112.85.169.7,9999
112.85.168.124,9999
163.204.240.227,9999
117.91.133.142,9999
163.204.244.166,9999
120.83.106.203,9999
163.204.245.162,9999
60.13.42.3,9999
122.193.244.189,9999
1.197.16.168,9999
60.13.42.5,9999
123.163.122.38,9999
60.13.42.91,9999
163.204.245.237,9999
163.204.242.245,9999
115.53.19.82,9999
58.208.137.230,9999
175.43.56.41,9999
58.253.153.242,9999
60.13.42.44,9999
113.121.23.28,9999
113.121.22.154,808
27.43.188.199,9999
163.204.246.83,9999
115.219.105.165,8010
175.43.179.184,9999
113.124.87.238,9999
123.52.96.174,9999
123.8.121.231,9999
113.121.47.50,9999
120.83.110.206,9999
182.35.85.127,9999
163.204.246.0,9999
163.204.242.21,9999
123.169.127.79,9999
123.163.96.92,9999
123.163.97.74,9999
175.42.122.27,808
163.204.247.24,9999
59.32.37.150,3128
60.13.42.119,9999
163.204.240.252,9999
163.204.240.80,9999
123.163.122.53,9999
113.65.5.238,8118
123.8.122.114,9999
163.204.246.141,9999
163.204.240.67,9999
121.12.227.136,9999
182.116.224.176,9999
182.116.236.114,9999
182.35.81.55,9999
182.34.36.235,9999
183.166.102.41,9999
183.166.111.252,9999
112.85.130.59,9999
120.83.100.158,9999
116.208.46.77,61234
61.176.223.7,58822
59.32.37.117,8010
58.253.154.239,9999
182.35.83.160,9999
112.85.164.9,9999
42.238.88.97,9999
1.197.204.41,9999
112.87.69.45,9999
182.35.83.246,9999
60.13.42.101,9999
112.85.166.147,9999
117.91.131.201,9999
182.35.85.129,9999
58.253.153.167,9999
123.163.96.237,9999
113.120.61.158,25852
60.13.42.146,9999
60.13.42.121,9999
113.121.23.27,9999
163.204.243.226,9999
163.204.240.187,9999
163.204.241.183,9999
60.13.42.254,9999
222.189.191.79,9999
123.169.39.177,9999
163.204.245.25,9999
123.169.35.0,9999
182.35.81.40,9999
182.35.87.241,9999
182.35.87.16,9999
112.85.175.99,9999
175.148.79.233,1133
121.233.226.255,9999
27.43.186.184,9999
163.204.246.255,9999
58.253.158.140,9999
114.230.69.10,9999
122.193.246.202,9999
120.83.107.35,9999
115.53.21.198,9999
115.53.32.254,9999
163.204.246.159,9999
112.85.128.146,9999
182.35.80.5,9999
163.204.242.130,9999
112.85.129.88,9999
113.121.20.143,9999
182.35.83.136,9999
1.197.203.148,9999
163.204.246.80,9999
163.204.242.23,9999
182.34.36.23,25995
112.85.164.83,9999
163.204.246.253,9999
58.253.152.243,9999
120.83.109.20,9999
182.35.86.74,9999
222.189.190.86,9999
163.204.246.25,9999
163.204.244.79,9999
123.8.124.90,9999
112.85.129.240,9999
123.52.141.212,9999
113.117.116.232,9999
113.117.123.80,9999
123.52.149.208,9999
112.85.169.107,9999
42.238.89.72,9999
112.85.131.107,9999
36.248.133.143,9999
163.204.242.236,9999
182.34.33.220,9999
163.204.243.68,9999
112.85.165.233,9999
183.166.21.91,9999
113.110.46.62,9999
175.43.142.136,9999
163.204.245.7,9999
120.83.111.213,9999
163.204.242.202,9999
120.83.108.242,9999
113.124.87.82,9999
182.35.83.63,9999
182.116.225.172,9999
183.166.171.199,61234
115.219.108.6,8010
117.64.250.80,808
163.204.242.149,9999
175.150.75.168,1133
163.204.247.246,9999
113.121.22.132,9999
182.35.82.112,9999
113.120.38.53,9999
182.35.85.146,9999
182.35.87.152,9999
123.163.97.20,9999
120.83.102.215,9999
60.13.42.141,9999
122.4.44.169,9999
120.83.109.115,9999
120.83.109.140,9999
112.85.130.151,9999
60.13.42.171,9999
163.204.246.245,9999
182.35.83.123,9999
125.109.198.246,9999
183.166.110.26,9999
163.204.242.237,9999
112.87.70.157,9999
163.204.241.192,9999
115.53.18.242,9999
121.233.207.78,9999
113.121.44.15,9999
58.253.154.152,9999
182.35.81.138,9999
163.204.241.199,9999
182.35.82.87,9999
182.35.80.195,9999
120.83.105.248,9999
120.83.110.1,9999
182.35.81.201,9999
182.35.86.166,9999
112.85.170.129,9999
60.13.42.157,9999
49.86.177.83,9999
182.35.86.147,9999
222.189.144.103,9999
112.87.68.224,9999
112.87.71.224,9999
42.59.87.247,1133
182.35.87.24,9999
210.5.10.87,53281
113.121.22.122,9999
60.13.42.108,9999
163.204.241.122,9999
120.83.108.183,9999
120.83.110.88,9999
163.204.241.245,9999
163.204.240.231,9999
163.204.244.165,9999
113.124.86.65,9999
123.163.96.189,9999
163.204.245.145,9999
114.104.130.99,808
120.83.111.54,9999
163.204.240.172,9999
58.253.158.114,9999
27.43.191.164,9999
59.32.37.249,61234
183.166.132.205,808
183.166.161.188,808
183.166.160.83,808
183.166.163.176,808
112.87.71.72,9999
182.116.225.163,9999
58.253.154.207,9999
183.166.110.228,9999
113.121.40.14,9999
163.204.241.19,9999
120.83.99.148,9999
27.43.185.53,9999
60.13.42.92,9999
112.85.175.12,9999
182.35.86.234,9999
163.204.244.58,9999
182.34.34.234,9999
112.85.168.132,9999
183.166.111.52,9999
113.120.36.195,9999
218.75.69.50,39590
112.85.169.221,9999
113.124.87.146,20121
182.35.87.182,9999
223.241.116.142,8010
112.85.151.31,9999
122.193.244.72,9999
163.204.246.88,9999
112.85.169.51,9999
115.238.59.86,53400
163.204.246.158,9999
1.193.156.246,8118
27.43.184.27,9999
113.120.32.81,9999
163.204.94.166,9999
120.83.104.135,9999
120.83.108.23,9999
171.12.112.146,9999
112.85.171.171,9999
120.83.111.156,9999
113.121.21.37,9999
115.223.122.118,8010
112.85.128.126,9999
182.34.37.91,9999
120.83.107.214,9999
1.198.73.220,9999
163.204.241.25,9999
182.35.85.17,9999
218.73.128.92,808
182.34.37.229,9999
163.204.244.125,9999
183.32.216.128,9999
120.83.103.44,9999
182.35.87.177,9999
60.13.42.89,9999
112.87.68.97,9999
182.35.82.156,9999
163.204.244.132,9999
163.204.240.160,9999
163.204.240.204,9999
163.204.243.146,9999
113.124.93.23,9999
36.249.119.14,9999
121.233.227.153,9999
163.204.241.181,9999
182.35.85.186,9999
163.204.242.196,9999
182.34.33.249,808
171.11.179.158,9999
60.13.42.31,9999
163.204.242.92,9999
180.119.68.138,9999
123.163.97.30,9999
113.121.21.172,9999
121.233.207.9,9999
182.35.81.91,9999
117.91.250.136,9999
182.35.85.93,9999
123.163.96.147,9999
113.121.23.60,9999
1.197.11.161,9999
120.83.102.188,9999
163.204.242.36,9999
27.43.185.209,9999
112.85.129.225,9999
1.197.16.148,9999
182.35.85.65,9999
60.13.42.180,9999
163.204.240.217,9999
163.204.245.251,9999
113.121.20.130,9999
112.87.69.189,9999
182.35.80.90,9999
117.91.132.53,9999
114.230.86.191,9999
163.204.241.27,9999
163.204.241.85,9999
182.35.82.191,9999
113.121.22.8,9999
112.85.130.12,9999
182.35.80.156,9999
163.204.247.16,9999
182.35.87.36,9999
163.204.247.213,9999
163.204.240.63,9999
27.43.185.172,9999
182.35.81.24,9999
115.219.105.133,8010
114.230.86.249,9999
60.205.213.172,8118
123.163.122.212,9999
60.13.42.237,9999
123.169.34.164,9999
1.197.204.46,9999
115.53.22.102,9999
182.35.85.193,9999
27.43.187.38,9999
60.2.44.182,30963
60.13.42.97,9999
140.207.50.246,51426
171.11.178.94,9999
171.12.113.6,9999
112.85.165.194,9999
123.163.122.254,9999
58.253.158.174,9999
182.35.84.154,9999
163.204.243.205,9999
36.249.118.58,9999
163.204.241.167,9999
163.204.246.169,9999
120.83.121.63,9999
117.91.133.45,9999
163.204.244.146,9999
123.163.96.29,9999
182.35.81.196,9999
182.35.82.76,9999
171.11.32.203,9999
163.204.240.135,9999
117.91.131.79,9999
175.175.218.155,1133
121.33.220.158,808
58.16.7.37,31418
112.85.131.212,9999
175.150.76.3,1133
123.169.39.127,9999
218.67.248.103,8118
60.13.42.13,9999
182.35.82.205,9999
123.163.96.97,9999
60.13.42.51,9999
163.204.246.73,9999
1.197.16.249,9999
122.193.245.203,9999
182.35.86.168,9999
163.204.241.252,9999
163.204.246.103,9999
123.52.43.64,8118
112.85.171.49,9999
113.117.195.24,9999
123.8.112.74,9999
123.8.123.190,9999
175.148.77.237,1133
123.8.113.109,9999
175.155.141.190,808
120.83.102.57,9999
123.163.122.230,9999
58.253.152.223,9999
1.197.204.187,9999
60.13.42.127,9999
163.204.246.41,9999
163.204.244.189,9999
58.253.153.103,9999
163.204.240.206,9999
171.11.32.107,9999
122.193.245.32,9999
183.166.139.16,808
183.166.119.94,808
183.166.162.104,808
112.87.68.230,9999
1.198.109.140,9999
1.198.109.161,9999
1.193.247.11,9999
163.204.241.201,9999
1.198.109.160,9999
182.35.84.124,9999
122.235.240.74,8118
123.163.122.43,9999
175.42.129.127,9999
218.59.193.14,47138
113.121.21.152,9999
60.13.42.194,9999
183.166.102.66,9999
60.13.42.137,9999
163.204.246.16,9999
1.198.72.242,9999
1.197.16.149,9999
180.119.141.45,9999
49.86.177.80,9999
122.193.245.142,9999
113.117.193.26,9999
112.85.175.184,9999
218.73.131.11,30909
182.35.85.72,9999
123.169.35.80,9999
60.13.42.19,9999
163.204.241.69,9999
163.204.247.161,9999
182.34.16.161,9999
120.83.99.191,9999
60.13.42.175,9999
182.34.34.121,9999
120.83.120.108,9999
163.204.241.216,9999
60.13.42.11,9999
122.236.30.95,8118
117.91.130.221,9999
58.253.159.138,9999
163.204.243.130,9999
182.35.86.242,9999
163.204.246.246,9999
122.193.247.105,9999
163.204.247.135,9999
182.35.83.170,9999
60.13.42.79,9999
163.204.246.62,9999
182.35.81.143,9999
182.34.35.85,9999
49.84.195.34,9999
183.166.21.62,9999
120.83.97.49,9999
112.85.167.252,9999
123.163.97.200,9999
117.91.133.159,9999
122.193.246.43,9999
180.119.141.37,9999
222.189.191.24,9999
182.34.36.116,9999
122.4.42.88,9999
120.84.101.164,9999
1.198.72.219,9999
182.35.80.54,9999
114.230.69.232,9999
163.204.242.126,9999
58.253.154.253,9999
180.108.218.242,9999
112.85.149.238,9999
114.230.69.109,9999
60.13.42.202,9999
123.163.97.152,9999
163.204.241.253,9999
182.35.83.134,9999
163.204.240.53,9999
171.13.200.14,9999
112.85.164.125,9999
123.163.122.36,9999
121.233.227.172,9999
27.43.187.245,9999
120.83.108.253,9999
163.204.240.112,9999
163.204.244.82,9999
163.204.243.50,9999
182.35.83.65,9999
163.204.240.176,9999
114.230.86.82,9999
119.254.94.71,42788
175.148.75.88,1133
223.241.4.230,28151
112.81.102.45,8118
115.219.172.88,8118
116.52.35.238,8118
59.32.37.130,61234
163.204.243.25,9999
163.204.241.166,9999
163.204.246.217,9999
163.204.246.65,9999
163.204.243.2,9999
163.204.247.250,9999
112.85.151.161,9999
163.204.245.183,9999
120.83.110.135,9999
182.35.81.161,9999
123.169.35.207,9999
163.204.247.138,9999
182.34.37.173,9999
182.116.234.53,9999
180.103.192.191,9999
125.109.194.215,61234
113.121.42.35,41580
1.199.31.213,9999
123.163.122.175,9999
60.13.42.220,9999
113.117.193.83,9999
60.216.101.46,59351
113.117.193.11,9999
42.238.91.232,9999
115.219.111.169,8010
111.230.99.192,8118
122.230.241.164,8010
182.35.85.166,9999
60.13.42.134,9999
115.223.84.20,8010
120.83.104.203,9999
183.32.218.155,9999
171.13.200.112,9999
182.34.37.149,9999
60.13.42.107,9999
1.198.111.115,9999
27.43.191.93,9999
123.163.122.39,9999
113.121.21.227,9999
171.15.49.136,9999
122.4.41.47,9999
182.35.84.86,9999
113.124.92.95,9999
123.163.96.118,9999
112.87.71.161,9999
182.34.35.83,9999
113.121.21.141,9999
180.119.68.19,9999
163.204.244.63,9999
171.12.113.221,9999
49.72.134.189,9999
218.63.76.41,60485
1.198.72.175,9999
112.87.68.149,9999
163.204.243.122,9999
42.238.83.223,9999
171.15.172.131,9999
171.15.48.213,9999
42.238.91.153,9999
163.204.244.39,9999
180.108.218.179,9999
121.233.251.82,9999
120.83.111.43,9999
182.35.83.200,9999
120.83.98.106,9999
117.91.130.10,9999
111.226.188.146,8010
180.119.68.222,9999
60.13.42.57,9999
113.121.23.248,9999
123.163.122.37,9999
163.204.245.134,9999
112.87.69.255,9999
163.204.243.51,9999
59.32.37.3,3128
182.35.87.59,9999
163.204.245.199,9999
175.155.137.219,1133
36.249.109.24,9999
114.230.69.84,9999
163.204.244.92,9999
113.124.87.61,9999
120.83.110.23,9999
163.204.241.93,9999
163.204.245.45,9999
163.204.243.80,9999
113.120.32.159,9999
163.204.245.57,9999
163.204.245.239,9999
163.204.244.227,9999
182.35.87.97,9999
123.101.231.47,9999
182.35.86.89,9999
175.10.24.64,3128
123.52.139.179,9999
123.52.147.107,9999
60.13.42.201,9999
115.223.89.253,8010
122.192.175.204,9999
61.130.226.176,8010
163.204.246.178,9999
124.93.201.59,59618
60.13.42.14,9999
123.57.61.38,8118
163.204.247.11,9999
61.189.242.243,55484
113.121.21.246,28762
117.91.232.47,9999
163.204.242.54,9999
163.204.247.59,9999
182.35.82.253,9999
163.204.240.116,9999
1.197.10.116,9999
123.163.122.248,9999
182.35.85.14,8118
120.83.107.64,9999
182.34.36.50,9999
113.121.41.153,9999
42.238.87.116,9999
171.15.173.119,9999
117.81.103.235,9999
1.193.245.158,9999
1.198.111.181,9999
1.193.158.244,9999
171.11.33.161,9999
60.13.42.21,9999
163.204.242.225,8888
182.35.87.126,9999
163.204.245.76,9999
163.204.246.135,9999
163.204.240.106,9999
123.163.97.61,9999
60.22.195.180,1133
163.204.243.173,9999
117.91.133.63,9999
120.83.105.191,9999
163.204.247.63,9999
163.204.240.214,9999
183.166.71.38,9999
163.204.246.40,9999
